{"Game":"CrusaderKings3","IsSelected":true,"MergedFolderName":null,"ModIds":[{"ParadoxId":null,"SteamId":null},{"ParadoxId":null,"SteamId":null},{"ParadoxId":null,"SteamId":null},{"ParadoxId":null,"SteamId":null},{"ParadoxId":null,"SteamId":null},{"ParadoxId":null,"SteamId":null},{"ParadoxId":null,"SteamId":null},{"ParadoxId":null,"SteamId":null},{"ParadoxId":null,"SteamId":null},{"ParadoxId":null,"SteamId":null},{"ParadoxId":null,"SteamId":null},{"ParadoxId":null,"SteamId":null},{"ParadoxId":null,"SteamId":null},{"ParadoxId":null,"SteamId":null},{"ParadoxId":null,"SteamId":null},{"ParadoxId":null,"SteamId":null},{"ParadoxId":null,"SteamId":null},{"ParadoxId":null,"SteamId":null},{"ParadoxId":null,"SteamId":null},{"ParadoxId":null,"SteamId":null},{"ParadoxId":null,"SteamId":null},{"ParadoxId":null,"SteamId":null},{"ParadoxId":null,"SteamId":null},{"ParadoxId":null,"SteamId":null},{"ParadoxId":null,"SteamId":null},{"ParadoxId":null,"SteamId":null},{"ParadoxId":null,"SteamId":null},{"ParadoxId":null,"SteamId":null},{"ParadoxId":null,"SteamId":null},{"ParadoxId":null,"SteamId":null},{"ParadoxId":null,"SteamId":null},{"ParadoxId":null,"SteamId":null},{"ParadoxId":null,"SteamId":null},{"ParadoxId":null,"SteamId":null},{"ParadoxId":null,"SteamId":null},{"ParadoxId":null,"SteamId":null},{"ParadoxId":null,"SteamId":null},{"ParadoxId":null,"SteamId":null},{"ParadoxId":null,"SteamId":null},{"ParadoxId":null,"SteamId":null},{"ParadoxId":null,"SteamId":null},{"ParadoxId":null,"SteamId":null},{"ParadoxId":null,"SteamId":null},{"ParadoxId":null,"SteamId":null},{"ParadoxId":null,"SteamId":null},{"ParadoxId":null,"SteamId":null},{"ParadoxId":null,"SteamId":null},{"ParadoxId":null,"SteamId":null},{"ParadoxId":null,"SteamId":null},{"ParadoxId":null,"SteamId":null},{"ParadoxId":null,"SteamId":null},{"ParadoxId":null,"SteamId":null},{"ParadoxId":null,"SteamId":null},{"ParadoxId":null,"SteamId":null},{"ParadoxId":null,"SteamId":null},{"ParadoxId":null,"SteamId":null},{"ParadoxId":null,"SteamId":null},{"ParadoxId":null,"SteamId":null},{"ParadoxId":null,"SteamId":null},{"ParadoxId":null,"SteamId":null},{"ParadoxId":null,"SteamId":null},{"ParadoxId":null,"SteamId":null}],"ModNames":["Invite Debutantes","Invite Nobles","A Game of Thrones","AGOT: House Founders","Better CoA Designer","Better AI Education","More Interactive Vassals","Houses Traditions","Knight Manager Continued","AGOT: More Actions","CoA Rally Points","Dynamic Regency","No Tournament Animated Screens","Active Courtiers","Active Courtiers AGOT Compatibility","Search & Trade Artifacts","Search & Trade Artifacts AGOT Compatibility","Correct Titles - AGOT","AGOT Micro","Battleground Commanders","AGOT: Immersion","[LOT] Legitimacy Over Time","AGOT - Suggest Dragon Bonding","Population Control (Reduce late-game lag)","Clear Notifications","More Traditions v2 + AGoT","Lifestyles Improved","Lifestyles Improved For AGOT","Alerts Manager","Auto-Pause (updated)","Advanced Character Search","Special Buildings of Westeros","AGOT - Recover Blackfyre (and other Lost Artifacts)","AGOT - Dynasties Modifiers","Multilingual Education","Travelers","Travelers AGOT Compatibility","Mass Recruit from Prison","Lannister Gold - AGOT","AGOT - Reimagined CK3 - Councillor Traits","AGOT Better Domain Management","Adventurer Can Recruit Local","AGOT - Small Tweaks for Adventurers","Adventurer Can Merge Camp","Adventurer Can Merge Camp - AGOT Compatibility Patch","Mass Demand Promote Legends","Extended Outliner","AGOT - Remind Me to Sway","AGOT - Mass Vassal Directive","COW-AGOT: 3D Models & Bigger Castles","More Buildings Reboot + AGOT","More Building Slots","More Lifestyles","AGOT: The Long Night","AGOT Submod Core","Valyrian Steel","AGOT - Armies of Westeros","Legacy Of The Dragon","AGOT Knight Tree","Character UI Overhaul","Real Eyes 2.0","AGOT CUIOverhaul"],"ModPaths":null,"Mods":["mod/2677152091.mod","mod/2686352443.mod","mod/2962333032.mod","mod/2967263410.mod","mod/2766055258.mod","mod/2753934263.mod","mod/2712590542.mod","mod/2590650832.mod","mod/2974850904.mod","mod/3059021049.mod","mod/3081701005.mod","mod/3096490417.mod","mod/3109614871.mod","mod/3157170996.mod","mod/3166721580.mod","mod/2962238514.mod","mod/3222480457.mod","mod/3247917115.mod","mod/3254254511.mod","mod/3276373926.mod","mod/3297989948.mod","mod/3305687550.mod","mod/3324579171.mod","mod/2276469612.mod","mod/2261468688.mod","mod/2968715458.mod","mod/3085100161.mod","mod/3307392411.mod","mod/2996519353.mod","mod/3330057298.mod","mod/3084203091.mod","mod/3266548771.mod","mod/3320422782.mod","mod/3350540339.mod","mod/2756456587.mod","mod/3082182371.mod","mod/3166199552.mod","mod/3202921261.mod","mod/3321119646.mod","mod/3321387311.mod","mod/2963910676.mod","mod/3344414337.mod","mod/3347454813.mod","mod/3348049795.mod","mod/3350013463.mod","mod/3340517329.mod","mod/2219611817.mod","mod/2854840756.mod","mod/3346785694.mod","mod/2971198450.mod","mod/2993771602.mod","mod/2216916022.mod","mod/3013259695.mod","mod/3355437474.mod","mod/AGOT_Submod_Core-main.mod","mod/Valyrian_Steel-main.mod","mod/2966543745.mod","mod/Legacy_Of_The_Dragon-main.mod","mod/3078200751.mod","mod/2519175282.mod","mod/3150612985.mod","mod/3104500312.mod"],"Name":"AGOT","PatchModEnabled":true}